item_type,item,applications,receiver_or_shank,gtw_lbs,tw_lbs,wd_gtw_lbs,wd_tw_lbs,note,source_name,source_url,accessed
Hitch class,Class 1,Cars and crossovers,1-1/4 in,"Up to 2,000",Up to 200,--,--,Ratings vary by part number; capacity limited to lowest-rated component (CURT),"CURT, Types of trailer hitches",https://www.curtmfg.com/types-trailer-hitches,2026-10-10
Hitch class,Class 2,"Cars, crossovers and minivans",1-1/4 in,"Up to 3,500",Up to 350,--,--,Ratings vary by part number; capacity limited to lowest-rated component (CURT),"CURT, Types of trailer hitches",https://www.curtmfg.com/types-trailer-hitches,2026-10-10
Hitch class,Class 3,"Crossovers, vans, SUVs and trucks",2 in,"Up to 8,000",Up to 800,"Up to 12,000","Up to 1,200",Ratings vary by part number; capacity limited to lowest-rated component (CURT),"CURT, Types of trailer hitches",https://www.curtmfg.com/types-trailer-hitches,2026-10-10
Hitch class,Class 4,Trucks and SUVs,2 in,"Up to 10,000","Up to 1,000","Up to 12,000","Up to 1,200",Ratings vary by part number; capacity limited to lowest-rated component (CURT),"CURT, Types of trailer hitches",https://www.curtmfg.com/types-trailer-hitches,2026-10-10
Hitch class,Class 5 - Xtra Duty,Trucks and SUVs,2 in,"16,000 to 17,000","2,400 to 2,550","17,000","2,400 to 2,550",Ratings vary by part number; capacity limited to lowest-rated component (CURT),"CURT, Types of trailer hitches",https://www.curtmfg.com/types-trailer-hitches,2026-10-10
Hitch class,Class 5 - Commercial Duty,Dually and chassis cab trucks,2-1/2 in,"18,000 to 20,000","2,700","18,000 to 20,000","2,700",Ratings vary by part number; capacity limited to lowest-rated component (CURT),"CURT, Types of trailer hitches",https://www.curtmfg.com/types-trailer-hitches,2026-10-10
Trailer ball,1-7/8 in ball,,1-5/8 to 3 in shank length; 3/4 to 1 in shank dia.,"2,000 to 3,500",,,,Capacities vary by part number (CURT),"CURT, Trailer ball sizes",https://www.curtmfg.com/towing-accessories/trailer-balls/learn-more,2026-10-10
Trailer ball,2 in ball,,1-3/4 to 3 in shank length; 3/4 to 1-1/4 in shank dia.,"3,500 to 12,000",,,,Capacities vary by part number (CURT),"CURT, Trailer ball sizes",https://www.curtmfg.com/towing-accessories/trailer-balls/learn-more,2026-10-10
Trailer ball,2-5/16 in ball,,2-1/8 to 3-1/2 in shank length; 1 to 2 in shank dia.,"6,000 to 30,000",,,,Capacities vary by part number (CURT),"CURT, Trailer ball sizes",https://www.curtmfg.com/towing-accessories/trailer-balls/learn-more,2026-10-10
Trailer ball,3 in ball,,3-1/4 in shank length; 2 in shank dia.,"30,000",,,,Capacities vary by part number (CURT),"CURT, Trailer ball sizes",https://www.curtmfg.com/towing-accessories/trailer-balls/learn-more,2026-10-10
