Manufacturer,Model,Year,Configuration,Max conventional towing (lb),Max payload (lb),Source,Source URL
Ford,F-150,2026,"2.7L EcoBoost V6. Available maximum by engine. When properly equipped. Max towing varies based on cargo, vehicle configuration, accessories, and passengers. Max payload varies by accessories and configuration; see the doorjamb label.","8,400","1,775","2026 Ford F-150 Towing Information, revised 03-10-26",https://pictures.dealer.com/o/ofhomewoodfordfd/e7810a242e394a15b3a6244592c8ea89.pdf
Ford,F-150,2026,"3.5L EcoBoost V6. Available maximum by engine. Requires Tow/Haul Package and Max Tow Axle upgrade (not shown). Horsepower, torque, payload, and towing may not be achieved simultaneously.","13,500","2,440","2026 Ford F-150 Towing Information, revised 03-10-26",https://pictures.dealer.com/o/ofhomewoodfordfd/e7810a242e394a15b3a6244592c8ea89.pdf
Ford,F-150,2026,"3.5L PowerBoost Full Hybrid V6. Available maximum by engine. Requires Tow/Haul Package and Max Tow Axle upgrade (not shown). Horsepower, torque, payload, and towing may not be achieved simultaneously.","12,400","1,740","2026 Ford F-150 Towing Information, revised 03-10-26",https://pictures.dealer.com/o/ofhomewoodfordfd/e7810a242e394a15b3a6244592c8ea89.pdf
Ford,F-150,2026,"5.0L Ti-VCT V8. Available maximum by engine. Towing requires Tow/Haul Package and Max Tow Axle upgrade (not shown). The payload cell in the guide is 2,235 lb. Footnote 6 states: Max payload of 2,225 lbs. on SuperCrew 4x2 with 5.0L gas engine and Tow/Haul Package and Max Tow Axle upgrade (not shown).","12,800","2,235","2026 Ford F-150 Towing Information, revised 03-10-26",https://pictures.dealer.com/o/ofhomewoodfordfd/e7810a242e394a15b3a6244592c8ea89.pdf
Ford,F-150,2026,3.5L EcoBoost H.O. V6. Raptor only. Payload footnote: 37-inch tires.,"8,200","1,405","2026 Ford F-150 Towing Information, revised 03-10-26",https://pictures.dealer.com/o/ofhomewoodfordfd/e7810a242e394a15b3a6244592c8ea89.pdf
Ford,F-150,2026,5.2L Supercharged V8. Raptor R only.,"8,700","1,410","2026 Ford F-150 Towing Information, revised 03-10-26",https://pictures.dealer.com/o/ofhomewoodfordfd/e7810a242e394a15b3a6244592c8ea89.pdf
Ram,1500,2026,"3.6L DOHC Pentastar V6 with eTorque. Powertrain summary states 8,130 lb max towing and 2,360 lb max payload for Quad Cab 4x2. The chart says trailer weight and payload ratings are mutually exclusive.","8,130","2,360","2026 Ram 1500 Payload & Towing, 26MY_Ram_1500_PayTow_2.3",https://www.ramtrucks.com/content/dam/fca-brands/na/ramtrucks/en_us/towing/towing-capacity-guide/brochure/26MY_Ram_1500_PayTow_2.3.pdf
Ram,1500,2026,"5.7L HEMI V8 with eTorque. Powertrain summary states 11,320 lb max towing and 1,650 lb max payload and does not name the cab in that sentence. The towing chart lists 11,320 lb for Crew Cab 5 ft 7 in bed 4x2, axle ratio 3.92, GCWR 17,000 lb. The payload chart lists 1,650 lb for Crew Cab 5 ft 7 in bed 4x2 at GVWR 6,900 lb. The chart says the ratings are mutually exclusive.","11,320","1,650","2026 Ram 1500 Payload & Towing, 26MY_Ram_1500_PayTow_2.3",https://www.ramtrucks.com/content/dam/fca-brands/na/ramtrucks/en_us/towing/towing-capacity-guide/brochure/26MY_Ram_1500_PayTow_2.3.pdf
Ram,1500,2026,"3.0L I6 Twin Turbo Hurricane (standard output). Powertrain summary states 11,610 lb max towing and 1,930 lb max payload. The towing chart lists 11,610 lb for Quad Cab 6 ft 4 in bed 4x2, axle ratio 3.92, GCWR 17,000 lb (the 4x4 cell on that row is 11,370 lb). The payload chart lists 1,930 lb for Quad Cab 6 ft 4 in bed 4x2 at GVWR 6,900 lb (the 4x4 cell is 1,910 lb). The chart says the ratings are mutually exclusive.","11,610","1,930","2026 Ram 1500 Payload & Towing, 26MY_Ram_1500_PayTow_2.3",https://www.ramtrucks.com/content/dam/fca-brands/na/ramtrucks/en_us/towing/towing-capacity-guide/brochure/26MY_Ram_1500_PayTow_2.3.pdf
Ram,1500,2026,"3.0L I6 Twin Turbo Hurricane H/O. Powertrain summary states 10,000 lb max towing and 1,490 lb max payload. The towing chart marks 10,000 lb as Limited. The payload chart marks 1,490 lb as RHO. The chart says the ratings are mutually exclusive, so these two figures are not one configuration.","10,000","1,490","2026 Ram 1500 Payload & Towing, 26MY_Ram_1500_PayTow_2.3",https://www.ramtrucks.com/content/dam/fca-brands/na/ramtrucks/en_us/towing/towing-capacity-guide/brochure/26MY_Ram_1500_PayTow_2.3.pdf
Chevrolet,Silverado 1500,2026,"2.7L Turbo. Regular Cab, long bed, 2WD. GCWR 15,000 lb. Highest conventional rating printed on the 2.7L rows.","9,900",not listed,2026 Silverado 1500 Max Trailering chart,https://www.chevrolet.com/content/dam/chevrolet/na/us/english/index/trucks/trailering-and-towing/2026_Silverado_1500_Max.pdf
Chevrolet,Silverado 1500,2026,"5.3L V8. Double Cab, standard bed, 2WD. GCWR 16,800 lb. Requires available Max Trailering Package.","11,400",not listed,2026 Silverado 1500 Max Trailering chart,https://www.chevrolet.com/content/dam/chevrolet/na/us/english/index/trucks/trailering-and-towing/2026_Silverado_1500_Max.pdf
Chevrolet,Silverado 1500,2026,"6.2L V8. Crew Cab, short bed, 4x4. GCWR 19,100 lb. Footnote: RST with available Max Trailering Package and 20-inch wheels.","13,200",not listed,2026 Silverado 1500 Max Trailering chart,https://www.chevrolet.com/content/dam/chevrolet/na/us/english/index/trucks/trailering-and-towing/2026_Silverado_1500_Max.pdf
Chevrolet,Silverado 1500,2026,"6.2L V8. Crew Cab, standard bed, 4x4. GCWR 19,100 lb. Footnote: RST with available Max Trailering Package and 20-inch wheels.","13,200",not listed,2026 Silverado 1500 Max Trailering chart,https://www.chevrolet.com/content/dam/chevrolet/na/us/english/index/trucks/trailering-and-towing/2026_Silverado_1500_Max.pdf
Chevrolet,Silverado 1500,2026,"6.2L V8 (ZR2). Crew Cab, short bed, 4x4. GCWR 15,000 lb.","8,800",not listed,2026 Silverado 1500 Max Trailering chart,https://www.chevrolet.com/content/dam/chevrolet/na/us/english/index/trucks/trailering-and-towing/2026_Silverado_1500_Max.pdf
Chevrolet,Silverado 1500,2026,"Duramax 3.0L I-6. Double Cab, standard bed, 2WD. GCWR 19,100 lb. Requires available Max Trailering Package and 20-inch wheels.","13,300",not listed,2026 Silverado 1500 Max Trailering chart,https://www.chevrolet.com/content/dam/chevrolet/na/us/english/index/trucks/trailering-and-towing/2026_Silverado_1500_Max.pdf
Chevrolet,Silverado 1500,2026,"Duramax 3.0L I-6 (ZR2). Crew Cab, short bed, 4x4. GCWR 15,000 lb.","8,700",not listed,2026 Silverado 1500 Max Trailering chart,https://www.chevrolet.com/content/dam/chevrolet/na/us/english/index/trucks/trailering-and-towing/2026_Silverado_1500_Max.pdf
Chevrolet,Tahoe,2026,"5.3L EcoTec3 V8 with Max Trailering Package. Axle ratio 3.23. GCWR 14,500 lb. Tahoe 2WD.","8,400",not listed,2026 Chevrolet Trailering Guide,https://www.chevrolet.com/content/dam/chevrolet/na/us/english/index/trucks/trailering-and-towing/news/v2/CH-CAT-GEN-TRBRND020_2026%20Chevrolet%20Trailering%20Guidev2.pdf
Chevrolet,Tahoe,2026,"5.3L EcoTec3 V8 with Max Trailering Package. Axle ratio 3.23. GCWR 14,500 lb. Tahoe 4WD.","8,200",not listed,2026 Chevrolet Trailering Guide,https://www.chevrolet.com/content/dam/chevrolet/na/us/english/index/trucks/trailering-and-towing/news/v2/CH-CAT-GEN-TRBRND020_2026%20Chevrolet%20Trailering%20Guidev2.pdf
Chevrolet,Suburban,2026,"5.3L EcoTec3 V8 with Max Trailering Package. Axle ratio 3.23. GCWR 14,500 lb. Suburban 2WD.","8,200",not listed,2026 Chevrolet Trailering Guide,https://www.chevrolet.com/content/dam/chevrolet/na/us/english/index/trucks/trailering-and-towing/news/v2/CH-CAT-GEN-TRBRND020_2026%20Chevrolet%20Trailering%20Guidev2.pdf
Chevrolet,Suburban,2026,"5.3L EcoTec3 V8 with Max Trailering Package. Axle ratio 3.23. GCWR 14,500 lb. Suburban 4WD.","8,000",not listed,2026 Chevrolet Trailering Guide,https://www.chevrolet.com/content/dam/chevrolet/na/us/english/index/trucks/trailering-and-towing/news/v2/CH-CAT-GEN-TRBRND020_2026%20Chevrolet%20Trailering%20Guidev2.pdf
Chevrolet,Tahoe,2026,"6.2L EcoTec3 V8 with Max Trailering Package. Axle ratio 3.23. GCWR 14,500 lb. Tahoe 2WD.","8,200",not listed,2026 Chevrolet Trailering Guide,https://www.chevrolet.com/content/dam/chevrolet/na/us/english/index/trucks/trailering-and-towing/news/v2/CH-CAT-GEN-TRBRND020_2026%20Chevrolet%20Trailering%20Guidev2.pdf
Chevrolet,Tahoe,2026,"6.2L EcoTec3 V8 with Max Trailering Package. Axle ratio 3.23. GCWR 14,500 lb. Tahoe 4WD.","8,100",not listed,2026 Chevrolet Trailering Guide,https://www.chevrolet.com/content/dam/chevrolet/na/us/english/index/trucks/trailering-and-towing/news/v2/CH-CAT-GEN-TRBRND020_2026%20Chevrolet%20Trailering%20Guidev2.pdf
Chevrolet,Suburban,2026,"6.2L EcoTec3 V8 with Max Trailering Package. Axle ratio 3.23. GCWR 14,500 lb. Suburban 2WD.","8,000",not listed,2026 Chevrolet Trailering Guide,https://www.chevrolet.com/content/dam/chevrolet/na/us/english/index/trucks/trailering-and-towing/news/v2/CH-CAT-GEN-TRBRND020_2026%20Chevrolet%20Trailering%20Guidev2.pdf
Chevrolet,Suburban,2026,"6.2L EcoTec3 V8 with Max Trailering Package. Axle ratio 3.23. GCWR 14,500 lb. Suburban 4WD.","7,800",not listed,2026 Chevrolet Trailering Guide,https://www.chevrolet.com/content/dam/chevrolet/na/us/english/index/trucks/trailering-and-towing/news/v2/CH-CAT-GEN-TRBRND020_2026%20Chevrolet%20Trailering%20Guidev2.pdf
Chevrolet,Tahoe,2026,"Duramax 3.0L Turbo-Diesel I-6 with Max Trailering Package. Axle ratio 3.23. GCWR 14,500 lb. Tahoe 2WD.","8,200",not listed,2026 Chevrolet Trailering Guide,https://www.chevrolet.com/content/dam/chevrolet/na/us/english/index/trucks/trailering-and-towing/news/v2/CH-CAT-GEN-TRBRND020_2026%20Chevrolet%20Trailering%20Guidev2.pdf
Chevrolet,Tahoe,2026,"Duramax 3.0L Turbo-Diesel I-6 with Max Trailering Package. Axle ratio 3.23. GCWR 14,500 lb. Tahoe 4WD.","8,000",not listed,2026 Chevrolet Trailering Guide,https://www.chevrolet.com/content/dam/chevrolet/na/us/english/index/trucks/trailering-and-towing/news/v2/CH-CAT-GEN-TRBRND020_2026%20Chevrolet%20Trailering%20Guidev2.pdf
Chevrolet,Suburban,2026,"Duramax 3.0L Turbo-Diesel I-6 with Max Trailering Package. Axle ratio 3.23. GCWR 14,500 lb. Suburban 2WD.","8,100",not listed,2026 Chevrolet Trailering Guide,https://www.chevrolet.com/content/dam/chevrolet/na/us/english/index/trucks/trailering-and-towing/news/v2/CH-CAT-GEN-TRBRND020_2026%20Chevrolet%20Trailering%20Guidev2.pdf
Chevrolet,Suburban,2026,"Duramax 3.0L Turbo-Diesel I-6 with Max Trailering Package. Axle ratio 3.23. GCWR 14,500 lb. Suburban 4WD.","7,800",not listed,2026 Chevrolet Trailering Guide,https://www.chevrolet.com/content/dam/chevrolet/na/us/english/index/trucks/trailering-and-towing/news/v2/CH-CAT-GEN-TRBRND020_2026%20Chevrolet%20Trailering%20Guidev2.pdf
GMC,Sierra 1500,2026,"TurboMax. Regular Cab, long bed, 2WD. GCWR 15,000 lb. Highest TurboMax conventional cell on the chart.","9,800",not listed,2026 GMC Sierra 1500 Trailering Charts,https://www.gmc.com/content/dam/gmc/na/us/english/index/about/trailering-towing/2026-pdfs/2026-gmc-sierra-1500-trailering-charts.pdf
GMC,Sierra 1500,2026,"5.3L V8. Crew Cab, short bed, 2WD. GCWR 16,800 lb. Requires available Max Trailering Package.","11,200",not listed,2026 GMC Sierra 1500 Trailering Charts,https://www.gmc.com/content/dam/gmc/na/us/english/index/about/trailering-towing/2026-pdfs/2026-gmc-sierra-1500-trailering-charts.pdf
GMC,Sierra 1500,2026,"5.3L V8. Double Cab, standard bed, 2WD. GCWR 16,800 lb. Requires available Max Trailering Package.","11,200",not listed,2026 GMC Sierra 1500 Trailering Charts,https://www.gmc.com/content/dam/gmc/na/us/english/index/about/trailering-towing/2026-pdfs/2026-gmc-sierra-1500-trailering-charts.pdf
GMC,Sierra 1500,2026,"6.2L V8. Crew Cab, short bed, 4WD. GCWR 19,100 lb. Requires available Max Trailering Package and 20-inch wheels.","13,100",not listed,2026 GMC Sierra 1500 Trailering Charts,https://www.gmc.com/content/dam/gmc/na/us/english/index/about/trailering-towing/2026-pdfs/2026-gmc-sierra-1500-trailering-charts.pdf
GMC,Sierra 1500,2026,"Duramax 3.0L Turbo-Diesel. Double Cab, standard bed, 2WD. GCWR 19,000 lb. Requires available Max Trailering Package and 20-inch wheels.","13,300",not listed,2026 GMC Sierra 1500 Trailering Charts,https://www.gmc.com/content/dam/gmc/na/us/english/index/about/trailering-towing/2026-pdfs/2026-gmc-sierra-1500-trailering-charts.pdf
Toyota,Tundra,2026,"Available maximum stated as up to 12,000 lb. The brochure does not name the cab, bed, or drivetrain for that figure. Footnote 2: Never tow beyond a vehicle's published towing capacities.","12,000",not listed,2026 Toyota Tundra eBrochure,https://www.toyota.com/content/dam/toyota/brochures/pdf/2026/tundra_ebrochure.pdf
Toyota,Tundra,2026,"Limited CrewMax. Footnote 6: Towing capacity shown is 11,350 lbs. Limited CrewMax shown in Magnetic Gray Metallic. The footnote does not name bed length or drivetrain.","11,350",not listed,2026 Toyota Tundra eBrochure,https://www.toyota.com/content/dam/toyota/brochures/pdf/2026/tundra_ebrochure.pdf
Nissan,Armada,2026,"Full-size SUV. The specifications sheet lists one maximum trailer towing figure of 8,500 lb and one tongue-weight figure of 850 lb in the towing-features table whose columns are SV, SL, Platinum, PRO-4X, NISMO, and Platinum Reserve. Payload is not on that sheet.","8,500",not listed,2026 Nissan Armada Specifications,https://usa.nissannews.com/en-US/releases/2026-nissan-armada-specifications
